{"chunk_definitions":[{"chunk_id":"c6aenlf5mmb71","expansion_state":0,"options":[],"row":59,"row_count":1,"visible":true},{"chunk_id":"c7sy6av7hlgc3","expansion_state":0,"options":[],"row":70,"row_count":1,"visible":true},{"chunk_id":"cg4wgx47e2noe","expansion_state":0,"options":[],"row":83,"row_count":1,"visible":true},{"chunk_id":"cjx49fy7mm8u5","expansion_state":0,"options":[],"row":95,"row_count":1,"visible":true},{"chunk_id":"c0ea7ulehn1xl","expansion_state":0,"options":[],"row":117,"row_count":1,"visible":true},{"chunk_id":"c7qc0byjgysiw","expansion_state":0,"options":[],"row":153,"row_count":1,"visible":true},{"chunk_id":"cym2io5jxocvb","expansion_state":0,"options":[],"row":187,"row_count":1,"visible":true},{"chunk_id":"couicd0uio20w","expansion_state":0,"options":[],"row":205,"row_count":1,"visible":true},{"chunk_id":"c9hpkxxalmfom","expansion_state":0,"options":[],"row":212,"row_count":1,"visible":true},{"chunk_id":"cm3ul069b9zk3","expansion_state":0,"options":[],"row":223,"row_count":1,"visible":true},{"chunk_id":"cd4yz419dotef","expansion_state":0,"options":[],"row":234,"row_count":1,"visible":true},{"chunk_id":"c20o4my4ttlud","expansion_state":0,"options":[],"row":245,"row_count":1,"visible":true}],"doc_write_time":1609598141.03866}
